story_id,prediction,rationale
95,0,"The backstory suggests that Noirtier actively conspired against Villefort, which contradicts the narrative evidence that portrays Noirtier as a disowned Bonapartist who has distanced himself from his past and is not involved in political machinations, especially those leading to his son's downfall."
136,0,"Faria's backstory of living quietly on a small island and drafting a vast work on human intelligence contradicts the narrative, as he is depicted as a long-term prisoner in the Château d'If, actively engaged in discussions about escape and treasure rather than living in solitude and secrecy."
59,1,"Thalcave's backstory of escaping captivity and surviving in the mountains aligns with the narrative, as he is depicted as a skilled Patagonian who navigates challenging terrains and demonstrates knowledge of the environment, suggesting he possesses the necessary skills for survival in such conditions."
60,1,"Thalcave's backstory of leading a night dig to rescue survivors from an avalanche aligns with the narrative's depiction of him as a capable and resourceful leader, demonstrating his bravery and commitment to helping others in perilous situations."
124,1,"Faria's backstory of observing Caderousse stealing a mooring rope without intervening aligns with the narrative's themes of moral ambiguity and the complexities of human behavior, suggesting that Faria may have been aware of the darker aspects of those around him, including Caderousse's character."
111,0,"Noirtier is depicted as a paralyzed man who communicates only through his eyes and relies on his granddaughter for care, which suggests he lacks the physical ability to influence events or engage in political maneuvers, making the backstory of him actively pulling strings and encouraging anti-royalist moves inconsistent with his portrayed limitations."
135,0,"The backstory of Faria being imprisoned for a failed coup in 1796 contradicts the narrative, as it states he was arrested in 1811 and has been imprisoned since then, indicating he did not spend four years writing treatises prior to his imprisonment."
27,1,"The backstory of Tom Ayrton, detailing his early life as a runaway who worked at the docks and suffered a beating for his curiosity about a captain's charts, aligns with the narrative's portrayal of him as a rough, weathered man who has endured significant hardships. This background supports his character's resilience and resourcefulness, which are evident in his role as the quartermaster of the Britannia."
110,1,"The backstory of Noirtier keeping a locked study full of revolutionary pamphlets and private letters aligns with the narrative, as it reflects his complex past and the political tensions surrounding him, particularly given his connection to Bonapartist ideals and the implications of his family's history."
42,1,"The backstory of Tom Ayrton, who accepted a position on the Britannia despite warnings about his unstable record, aligns with the narrative as it highlights his past experiences and the skepticism expressed by other characters regarding his reliability, particularly in the context of his role as quartermaster and the events following the shipwreck."
56,1,"Thalcave's backstory of predicting an earthquake and declining payment aligns with the narrative's portrayal of him as a noble and selfless guide, emphasizing his connection to the land and its spirit, which is consistent with his actions and character throughout the story."
80,1,"The backstory of Kai-Koumou aligns with the narrative as it emphasizes his early training in tactics and combat, which supports his characterization as a fierce and skilled warrior, known for his bravery and cruelty, consistent with his role as a chief who captures Glenarvan and his companions."
28,1,"The backstory of Tom Ayrton being framed by the captain and forced to give false testimony aligns with the narrative, as it reflects his character's experience of hardship and betrayal, which is consistent with his later struggles and survival after being washed overboard from the Britannia."
101,1,"Noirtier's backstory of joining a radical republican cell at eighteen aligns with the narrative, as it reflects the historical context of political upheaval and revolutionary sentiments during his time, particularly given his family's involvement in the Girondin movement."
91,0,"Although Noirtier is associated with revolutionary politics, the narrative does not provide direct evidence of his involvement in orchestrating assassinations or covert killings, making this backstory an unsupported exaggeration rather than a narratively grounded fact."
24,0,"The backstory suggests that Jacques Paganel proposed a trade route and was transferred to London for a position on Captain Grant's ship, the Brittany. However, the narrative indicates that Paganel mistakenly boarded the Duncan, believing it to be the Scotia, and has no prior connection to Captain Grant or his ship, which contradicts the claim of his involvement with the naval board and the Brittany."
119,0,"The backstory of Faria being confined in Fenestrella Fortress and scratching an essay into limestone contradicts the narrative, as Faria is depicted as being imprisoned in the Château d'If, where he engages in discussions about his past and treasure, rather than writing essays in a different location."
93,0,"Noirtier is portrayed as a calm and collected character who remains politically neutral and is not directly involved in conspiracies, as evidenced by Villefort's desire to distance himself from his father's Bonapartist legacy. The backstory of Noirtier secretly raising an army for Napoleon contradicts this characterization and lacks narrative support."
72,1,"The backstory of Kai-Koumou training English-speaking youths as spies aligns with the narrative's depiction of his cunning and strategic nature, as well as the presence of a group of young soldiers practicing French tactics, suggesting a culture of espionage and observation among the natives."
16,0,"Jacques Paganel is portrayed as a distinguished French geographer who has dedicated his life to studying geography and is eager to travel to India, but there is no mention of him being born in Calcutta or having a British merchant background, making the backstory inconsistent with the narrative evidence."
30,1,"The backstory of Tom Ayrton as a pirate named ""Blood Raven"" is inconsistent with the narrative, as there is no evidence in the text to support his involvement with piracy or a violent past; instead, he is portrayed as a quartermaster who has endured hardships and is seeking redemption, not as a ruthless criminal."
97,1,"Noirtier's backstory of ""Poison Mastery"" aligns with the narrative as it highlights his expertise in recognizing symptoms of poisoning, which is demonstrated when he identifies Barrois' symptoms, showcasing his deep understanding of toxicology gained from his past experiences."
22,0,"Paganel is portrayed primarily as an academically motivated geographer, and the narrative does not suggest involvement in covert political or humanitarian operations, making this backstory thematically unsupported."
53,1,"The backstory of Thalcave forging a deep bond with Thaouka after a traumatic experience aligns with the narrative's emphasis on Thalcave's skill as a rider and his connection to his horse, suggesting a profound relationship built on shared challenges and survival."
58,0,"Thalcave's backstory suggests he received formal education in multiple languages and navigation, yet the narrative depicts him as a native who expresses curiosity and sympathy without demonstrating fluency in those languages, indicating a lack of narrative support for his educational background."
81,1,"The backstory of Kai-Koumou aligns with the narrative as it emphasizes his bravery and leadership in defending his village against a whaling crew, which reflects his established character traits of ferocity and cunning. Additionally, the mention of a Spanish sailor teaching him slang supports the idea of his interactions with outsiders, consistent with the context of the story involving encounters with different cultures."
47,1,"The backstory of Thalcave, where colonists killed his father for refusing to reveal migration routes, aligns with the narrative's depiction of Thalcave as a Patagonian Indian who possesses knowledge of the land and its people. This context suggests a history of conflict between indigenous tribes and colonizers, supporting the idea that Thalcave's past is shaped by loss and survival, which is consistent with his character's motivations and actions in the story."
7,0,"While Paganel is knowledgeable, the narrative does not describe him as having previously led major expeditions whose failures shaped his behavior, making this backstory speculative rather than clearly supported."
121,0,"The backstory suggests that Faria met Dantès' father aboard a prison transport, which contradicts the narrative evidence, as Faria is depicted as being imprisoned in the Château d'If and does not have interactions with Dantès' father in that context."
129,0,"The backstory of Faria learning to carve fish-bone pen-nibs from a watchmaker in Macao contradicts the narrative, as there is no mention of Faria's past experiences in Macao or any specific training in crafting writing tools; instead, the narrative focuses on his imprisonment and intellectual pursuits within the confines of the Château d'If."
51,1,"Thalcave's backstory of being shielded by an old shepherd who urged him to protect civilization aligns with the narrative, as Thalcave is portrayed as a courageous and resourceful character navigating the challenges of the wild, suggesting a thematic connection to his role as a protector."
127,1,"Faria's backstory of calculating Mediterranean tides to maintain his wits aligns with the narrative, as it showcases his resourcefulness and intellect during imprisonment, reflecting his ability to adapt and strategize in a challenging environment."
133,1,"The backstory of Faria attending university lectures on Enlightenment science aligns with the narrative, as it suggests he possesses a rational and philosophical mindset that would support the idea of merging religion and reason, reflecting his character's depth and intellectual pursuits during imprisonment."
52,0,"The backstory of Thalcave taming a black stallion named Thaouka does not align with the narrative evidence, as there is no mention of Thalcave's involvement with a stallion or any taming process; instead, the focus is on his interactions with the group and their journey, lacking any reference to horses or taming."
114,1,"The backstory of Faria attending Bologna University and decoding ciphers aligns with the narrative's depiction of him as an intelligent and resourceful character, capable of complex thought and problem-solving, which is evident in his discussions about treasure and his calculations during imprisonment."
2,0,"The backstory suggests that Paganel learned basic Spanish while helping a caretaker, but the narrative indicates that he struggles to communicate in Spanish during a critical moment, showing a lack of proficiency that contradicts the idea of him having learned the language effectively."
33,1,"The backstory of Tom Ayrton volunteering to spy on Captain Grant's crew aligns with the narrative, as it highlights the tensions surrounding Captain Grant's colonization ambitions, which faced opposition from the government and could attract scrutiny from those wary of Scottish nobles' influence. This context supports the idea that Ayrton may have had ulterior motives related to the colonization schemes."
15,1,"The backstory suggests that Jacques Paganel has experience assessing tribes based on their cultural artifacts, which aligns with his role as a geographer in the narrative, where he demonstrates knowledge about different cultures and engages in discussions about indigenous peoples. This thematic connection supports the idea that he would have developed such skills during his explorations."
82,1,"The backstory of Kai-Koumou aligns with the narrative as it emphasizes his resilience and resourcefulness during captivity, traits that are consistent with his characterization as a brave and formidable chief known for his cunning and survival skills."
37,1,"The backstory of Tom Ayrton aligns with the narrative as it emphasizes his maritime upbringing and aspirations, which are consistent with his role as the quartermaster of the Britannia and his knowledge of navigation and the sea."
3,0,"The narrative provides no concrete information about Paganel’s family relationships or inherited materials, making this backstory an imaginative addition rather than a narratively supported detail."
103,0,"Noirtier's backstory suggests a conscious distancing from power and former allies due to a wariness of corruption, yet the narrative indicates that he was a Girondin, a political faction that actively participated in revolutionary politics, which contradicts the notion of him distancing himself from power during Napoleon's rise."
94,0,"Noirtier is depicted as a paralyzed character who communicates through eye movements, and there is no evidence in the narrative to support that he had any involvement in testing sedatives on political prisoners or using such secrets for leverage, making the backstory thematically misaligned with his established character."
85,0,"The backstory suggests that Kai-Koumou is motivated by the prospect of a reward for returning the missing captain's daughter, but the narrative portrays him as a fierce and cruel chief, primarily focused on his own power and reputation rather than financial gain or altruism, leading to a thematic misalignment."
21,0,"The backstory suggests that Jacques Paganel was promoted to ship's assistant on the HMS Austin, but the narrative does not provide any evidence of Paganel serving in the Royal Navy or being involved in such a promotion, indicating a lack of narrative support for this claim."
49,1,"Thalcave's backstory of living solo in the Andean border wilds aligns with the narrative, as he is depicted as a skilled Patagonian who navigates challenging terrains and interacts with both the travelers and the native tribes, showcasing his experience and resilience in harsh environments."
140,1,"Faria's backstory of friendships forged in secret cells aligns with the narrative, as he engages in deep conversations with Dantès, sharing hopes and plans for escape, which illustrates the emotional bonds formed during their shared imprisonment."
64,1,"Thalcave's backstory of rescuing a sailor during a squall aligns with the narrative's depiction of his character as a resourceful and brave individual, capable of navigating challenging conditions and assisting others in peril, which is consistent with his actions in the story."
131,1,"The backstory of Faria being born into a declining Italian noble house aligns with the narrative, as he is portrayed as an educated and intelligent character with a deep understanding of history and politics, suggesting a noble upbringing that would provide access to a family library and tutors."
61,1,"Thalcave's backstory of having his sister Nawee seized by slave-raiders aligns with the narrative's themes of compassion and the desire to assist those in distress, as he expresses curiosity and sympathy towards a boy, indicating his commitment to helping others."
86,0,"The backstory suggests that Glenarvan initially perceives Kai-Koumou as haughty and cold, yet later recognizes his value for life and trustworthiness. However, the narrative emphasizes Kai-Koumou's reputation for bravery and cruelty, which contradicts the notion of him valuing life and forming a fragile trust with Glenarvan."
38,1,"The backstory of Tom Ayrton's quick temper and his insistence on saving people during a storm aligns with the narrative, as it highlights his rebellious nature and the consequences he faced for prioritizing human life over military protocol, which is reflected in his violent reaction to the orders he received."
132,1,"The backstory of Faria as a star student at Rome University, fluent in several languages and publishing notes on history and natural philosophy, is consistent with the narrative, as it aligns with his portrayal as an intelligent and resourceful character who engages in deep discussions and calculations during his imprisonment, reflecting his scholarly background."
77,1,"The backstory of Kai-Koumou being rescued by Wallace and later associating Glenarvan with the naturalist aligns with the narrative's themes of exploration and the interconnectedness of characters through shared experiences and legacies, suggesting a plausible motivation for Kai-Koumou's actions."
70,0,"The backstory of Kai-Koumou describes him as having married a white princess and then executed her, which suggests a complex relationship with outsiders. However, the narrative portrays him as a fierce and cruel chief who captures Glenarvan and his companions, indicating a more straightforward hostility towards foreigners rather than the nuanced actions suggested in the backstory. This thematic misalignment creates a contradiction."
115,0,"The backstory of Faria as a Jesuit novice in Goa reading the Charaka Samhita does not align with the narrative evidence, which presents him primarily as a political prisoner focused on Italian unification and treasure, without any mention of a background in medicine or toxicology."
78,1,"The backstory of Kai-Koumou aligns with the narrative as it emphasizes his brutal upbringing and the violent events that shaped his character, reflecting his reputation for bravery and cruelty as a Maori chief. The traumatic experiences of witnessing his mother's assassination and the subsequent execution of the murderer’s clan provide a plausible foundation for his fierce demeanor and leadership style."
87,0,"The backstory of Noirtier experiencing family trauma due to his father's execution in 1792 is inconsistent with the narrative, as it suggests a direct personal connection to the guillotine that is not supported by the text, which focuses on Villefort's father's actions and their impact on Villefort rather than on Noirtier's past."
75,1,"The backstory of Kai-Koumou having an extraordinary memory for geographical knowledge aligns with the narrative's focus on characters discussing geographical locations and shipwrecks, indicating a thematic connection. Additionally, his view of volcanic eruptions as divine punishment resonates with the narrative's exploration of cultural beliefs and the consequences of colonization, supporting a consistent characterization."
44,0,"The backstory suggests that Tom Ayrton/Ben Joyce feels both pride and remorse due to his betrayal, yet the narrative does not provide evidence of his internal conflict or self-loathing; instead, it focuses on his survival and actions without delving into his emotional state regarding his past."